{
  "C": 3.282187331673496,
  "max_iter": 716,
  "tol": 0.09652611451362682,
  "solver": "sag",
  "threshold": 0.5319144729419885
}