{
  "C": 1.707973610531673,
  "max_iter": 156,
  "tol": 0.08696778277141885,
  "solver": "saga",
  "threshold": 0.4819043333065478
}