{
  "overall": {
    "precision": 0.4556712352837814,
    "recall": 0.15773809523809523,
    "f1": 0.18251907893652441,
    "num_samples": 336.0
  },
  "class": {
    "Rejected": {
      "precision": 0.5230769230769231,
      "recall": 0.11888111888111888,
      "f1": 0.19373219373219375,
      "num_samples": 286.0
    },
    "Accepted": {
      "precision": 0.07011070110701106,
      "recall": 0.38,
      "f1": 0.11838006230529594,
      "num_samples": 50.0
    }
  }
}