{
  "overall": {
    "precision": 0.5704665704665705,
    "recall": 0.2857142857142857,
    "f1": 0.3741848534910007,
    "num_samples": 336.0
  },
  "class": {
    "Rejected": {
      "precision": 0.020202020202020204,
      "recall": 0.08,
      "f1": 0.03225806451612903,
      "num_samples": 50.0
    },
    "Accepted": {
      "precision": 0.6666666666666666,
      "recall": 0.32167832167832167,
      "f1": 0.43396226415094336,
      "num_samples": 286.0
    }
  }
}